id,first_name,last_name,Phone,address
1,Rae,Blake,681-816-1675,2 Surrey Parkway
2,Alma,Bethune,234-405-9909,2587 Norway Maple Drive
3,Daveen,Abate,294-844-1535,8 Roth Avenue
4,Cassandra,Kovacs,117-968-4506,942 Lakeland Hill
5,Diandra,Fairhead,483-426-2067,56 Northridge Court
6,Birgit,Borgnet,280-905-1810,1 Bashford Road
7,Merissa,Colleran,783-204-1051,63 Tennessee Terrace
8,Jacquenetta,Marsden,110-783-8212,74 Clove Park
9,Waverley,Matterface,330-846-4763,6 Toban Street
10,Greg,Millichap,155-699-7619,9 Lukken Court
11,Aleta,Mathevet,374-255-2850,874 John Wall Pass
12,Tiffie,Luparti,726-662-2475,53 Bunting Lane
13,Lynn,O'Neil,702-852-4784,90053 Continental Avenue
14,Gayler,Puttrell,860-557-8654,940 Jana Lane
15,Dasie,Humes,484-340-5998,572 Ramsey Court
16,Bartie,Leile,168-694-8425,1928 Northland Circle
17,Marybelle,Gimenez,895-232-8931,911 Kennedy Terrace
18,Jimmie,Escot,730-643-3040,4 Johnson Junction
19,Magdalena,Ernshaw,930-781-4792,207 Melby Center
20,Staford,Wolland,788-651-2200,7141 Northfield Court
21,Rochester,Blandamore,482-673-1570,93 Ruskin Lane
22,Oona,Matuschek,603-310-0252,2 Reinke Junction
23,Saunders,Beldan,414-902-8020,88 Carey Terrace
24,Jelene,Verdon,837-675-6679,608 Old Shore Hill
25,Fay,Bedow,232-755-5971,58078 Cottonwood Alley
26,Bella,Lorryman,576-876-4917,74479 Bellgrove Way
27,Aime,MacRinn,407-599-8450,4 Pond Circle
28,Miran,Clappson,576-356-5159,6 Tony Pass
29,Manon,O'Loughane,364-767-4398,94958 Oak Place
30,Reinwald,Whimpenny,508-859-4131,632 Corry Hill
31,Hedi,Benns,112-659-8262,921 Evergreen Terrace
32,Ned,Winter,137-381-7431,1 Doe Crossing Circle
33,Kyla,Goulstone,198-388-9729,889 Luster Place
34,Barnabas,Kempshall,601-177-7591,15456 Summerview Alley
35,Kiel,Maric,221-640-4347,5111 Debs Street
36,Nicol,Tidbold,417-659-3687,68219 Glacier Hill Way
37,Cristine,Giller,358-304-3367,27 Pankratz Place
38,Launce,Glanz,292-335-6788,712 Toban Parkway
39,Demetri,Wartnaby,341-280-0630,504 Loftsgordon Road
40,Sibeal,Dobsons,806-237-4982,32587 Saint Paul Crossing
41,Bryon,Helversen,377-462-1334,45695 Shopko Drive
42,Cassandre,Sheran,809-687-2678,397 Jackson Road
43,Roscoe,Gamble,793-594-5971,8109 Lotheville Trail
44,Mariann,Rising,377-775-2624,10632 Talmadge Avenue
45,Briant,Ohanessian,641-460-5893,17275 Bashford Lane
46,Sampson,Yeskov,301-181-4307,2822 Hallows Drive
47,Dugald,Worgan,203-413-0452,7730 Anderson Trail
48,Dorise,Frankes,843-647-4248,43 Buena Vista Avenue
49,Pyotr,Beirne,718-258-4048,211 Red Cloud Avenue
50,Artur,Dahmel,394-287-6392,18 American Ash Pass
51,Jessamine,Bungey,386-702-8899,661 Stone Corner Avenue
52,Flss,Runge,476-628-9271,0935 Kinsman Way
53,Osgood,Kingaby,865-730-1794,70256 Mcbride Court
54,Bertina,Wickerson,151-162-1675,44289 Garrison Crossing
55,Birgitta,McLaughlin,441-383-4110,082 Summer Ridge Way
56,Karry,Spellacy,198-675-1805,738 Packers Place
57,Darell,Stowgill,382-127-0175,91216 Aberg Circle
58,Margie,Mattiazzo,225-951-1630,7 Leroy Street
59,Giffie,Dietsche,648-393-0914,17841 Merry Alley
60,Blisse,Lloyds,735-935-3762,32 Forster Plaza
61,Bobbe,Noonan,713-164-1793,8043 Schlimgen Circle
62,Sergei,Salzburg,808-147-2460,267 Victoria Lane
63,Dorothee,Colwell,812-125-5417,87 Arrowood Center
64,Daveen,Wade,148-494-8543,34476 Hovde Place
65,Jenni,Creavin,533-569-0246,4600 Namekagon Center
66,Bill,Ledgeway,809-834-1544,07719 Cody Hill
67,Toiboid,Gauvin,187-459-8834,0 Heffernan Crossing
68,Lucretia,Bandey,242-866-0153,480 Village Green Lane
69,Christiana,Radwell,834-302-9494,26 Knutson Terrace
70,Damara,Roulston,322-850-7529,43 Ohio Park
71,Trixie,Lawrenceson,399-842-4103,24014 Messerschmidt Drive
72,Lyndel,Pennycock,247-736-6164,03 Fordem Plaza
73,Lynda,Branche,136-708-2639,74148 Green Junction
74,Ruddie,Huish,589-147-7557,9 Eastlawn Avenue
75,Timmie,MacAleese,276-319-1431,2 Declaration Junction
76,Padraig,Jancey,490-344-9246,2651 High Crossing Way
77,Garald,Lambshine,690-768-0794,88033 Leroy Drive
78,Palmer,Groveham,685-983-7956,3154 Tennessee Trail
79,Lennard,Heinlein,918-402-7416,28263 Grim Lane
80,Kim,Manie,626-884-2955,9519 Dovetail Avenue
81,Dara,Ellit,464-692-6212,557 Eggendart Circle
82,Randolph,Hutten,996-557-3636,28 Lighthouse Bay Park
83,Ediva,Pinnijar,639-156-5853,315 Reinke Road
84,Kara-lynn,Nathan,157-940-7335,90 Longview Pass
85,Coletta,Staples,790-454-6233,166 Hanover Point
86,Seline,Dury,889-481-3845,9526 Bultman Lane
87,Fairfax,Humbert,813-613-1054,41 Northwestern Road
88,Warden,Wrathall,360-952-2500,30 Novick Street
89,Lezlie,Turgoose,579-800-3226,7129 Tennessee Lane
90,Raffaello,Esley,906-898-9008,74 Sycamore Parkway
91,Jayne,Goudman,376-488-6824,0245 Judy Pass
92,Hamid,Eunson,803-554-1482,767 Acker Road
93,Isobel,Ceschi,151-119-5379,4260 Drewry Center
94,Ginni,Bandt,667-138-0951,81296 Prentice Trail
95,Inga,Bodicam,587-233-4123,89460 Westport Circle
96,Constancia,Zecchini,384-272-0081,7245 Forest Alley
97,Avictor,Trees,769-212-6207,7880 Thierer Circle
98,Johanna,Schrei,680-145-0530,34 Warbler Junction
99,Cynthy,Alans,183-611-2150,03 Sullivan Plaza
100,Thomasina,Lewinton,390-129-3268,5642 Morning Avenue
